EntryNum	Species_CN	Species_Latin	Genus_CN	Genus_Latin	Family_CN	Family_Latin	DiseaseName	Viruses	Symptoms	Figures	Description
0			番木瓜属							0	
0			美人蕉属		夹竹桃科					0	
0			枣属		夹竹桃科					0	
0			堇菜属 …………………………89               91. 堇菜属		夹竹桃科					0	
0			白屈菜属		虎耳草科					0	
0			绣球属		虎耳草科					0	
0			紫茉莉属		虎耳草科					0	
2	鳢肠	Eclipta prostrata	松果菊属(属		虎耳草科	Compositae		Echinacea yellow mottle virus; 到南方菜豆一品红花叶病毒; cucumber    mosaic    virus; 被命名为松果菊黄斑驳病毒; 地区发现松果菊黄花叶病; 害相关病毒有黄瓜花叶病毒; broad  bean  wilt  virus; tobacco   streak   virus		2	松果菊俗名紫锥菊、紫锥花，多年生草本植物，花色甚多，可作为花带栽植材料或作为 花镜、花海、坡地材料在园林中使用，亦可作为切花、干花在日常生活中使用。松果菊原生 于北美洲中部及东部，现在欧洲、俄罗斯、中亚地区、蒙古国及我国西北地区均有分布。
3	藿香蓟	Ageratum  conyzoides	藿香蓟属(属		虎耳草科	Compositae		Ageratum   leaf  curl   virus; 包括中国胜红蓟黄脉病毒; Ageratum  yellow  vein  virus; 胜红蓟曲叶病毒; 花莲胜红蓟黄脉病; Ageratum yellow  vein  Hualian  virus; Ageratum  yellow  vein  China  virus; 脉病或曲叶病; 发现典型的藿香蓟黄脉病; Ageratum  leaf curl  Sichuan  virus; 菜豆金色花叶病; tobacco  leaf  curl  Yunnan  virus; 四川胜红蓟曲叶病毒	发病初期，仅少数叶片的局部叶脉变黄，可清晰地区分黄色叶脉和绿色叶肉组织；	1	藿香蓟俗名臭草、胜红蓟， 一年生草本，生于山谷、山坡林下或林缘、河边或山坡  草地、田边或荒地上。原产地为拉丁美洲，现在我国广东、广西、云南、贵州、四川、 江西、福建等地均有分布。
4	豨签	Siegesbeckia  orientalis	豨签属(属		虎耳草科	Compositae		tomato yellow leaf curl China  virus; Siegesbeckia  yellow  vein  virus; 以及中国番茄黄化曲叶病毒; 现典型的豨签黄脉病; Siegesbeckia yellow vein Guangxi virus; 病毒有豨签黄脉病毒; papaya leaf curl China virus; 签上均发现了豨签黄脉病; 中国番木瓜曲叶病毒; 广西豨签黄脉病毒	发病初期部分叶片的叶脉变黄，中期整株表现出系统性黄脉症 状，后期整个叶片出现黄化甚至枯萎症状(图4)。	1	豨签是一年生草本植物，在我国陕西、甘肃、江苏、浙江、安徽、江西、湖南、四 川、贵州、福建、广东、广西、云南等省份均有分布，生长于山野、荒草地、灌丛、林 缘及林下，也常见于耕地中。
5	一点红	Emilia sonchifolia	一点红属(属		虎耳草科	Compositae		Emilia yellow vein virus; cotton leaf curl Multan virus; 株上鉴定到一点红黄脉病毒; 现一点红黄脉病; 等从泰国一点红黄脉病; 和木尔坦棉花曲叶病毒; 从云南一点红黄脉病; Emilia  yellow vein Thailand virus; Crassocephalum yellow vein virus; 报道主要为一点红黄脉病; 分离到泰国一点红黄脉病毒; 玲等在调查野茼蒿黄脉病毒; 一点红黄脉病	典型病症为染病初期零星叶 片出现叶脉黄化症状，后期整个植株的叶片全部出现黄化、皱缩和曲叶症状。	1	一点红俗称紫背叶、红背果、片红青、叶下红、红头草、牛奶奶、花古帽、野木耳 菜、羊蹄草、红背叶，一年生草本，主产于广西、广东、云南、福建、贵州、江西，是 我国南方地区常用的传统中草药，分布于山坡荒地、田埂、路旁。
6	野茼蒿	Crassocephalum  crepidioides	野茼蒿属(属		虎耳草科	Compositae				1	
7	鬼针草	Bidens pilosa	鬼针草属(属		虎耳草科	Compositae		tomato  zonate  spot  virus; 病毒属的鬼针草花叶病毒; tomato   spotted  wilt  virus; Bidens  mottle  virus; Bidens    mosaic    virus	感病后的植株表现出花叶、斑驳等症状。 感病植株早期出现不规则褪绿斑点，中期叶片出现花叶、斑驳症状，后期出现叶 片扭曲变形等症状(图7)。	1	鬼针草俗名金盏银盘、盲肠草、豆渣菜、豆渣草、引线包、 一包针等， 一年生草  本，广泛分布于亚洲以及美洲的热带和亚热带地区，在我国主产于东北、华北、华东、 西南及陕西、甘肃等地区，生长于村旁、路边、荒地、山坡及田间。鬼针草含有丰富的 化学成分，因此，在中国民间作为常用草药被广泛应用，同时也是常见的农业杂草。
9	翅果菊	Lactuca indica	牛膝菊属(属		虎耳草科	Compositae		区就出现了牛膝菊花叶病; 仅有关于牛膝菊花叶病; 现一种粗毛牛膝菊皱缩病	发病初期叶片轻微皱缩，随后出现疱斑和曲叶症状(图8)。	2	粗毛牛膝菊俗名睫毛牛膝菊， 一年生草本，原产于中美洲和南美洲，现已遍布世界 温带、暖温带、亚热带等大部分地区。在我国辽宁、陕西西安、吉林、江西庐山、云南 大理苍山、湖北黄冈、新疆石河子等地均有分布，生于草坪、绿地、花坛、果园、农田、 公路旁、住宅区、撂荒地、空地、垃圾场和疏林等地。粗毛牛膝菊传播扩散速度较快，严  重危害草坪、绿地、农田、林地和果园等，已成为我国亟待控制的主要恶性杂草之一。
10	尖裂假还阳参	Crepidiastrum  sonchifolium	假还阳参属(属		虎耳草科	Compositae		了尖裂假还阳参黄化病	发病初期叶片出现零星黄斑，随后黄斑面积扩大，不规则分 布在整个叶片(图10)。	1	尖裂假还阳参俗名抱茎苦荚菜、苦碟子、抱茎小苦荚、苦荚菜、黄瓜菜，多年生草 本。主产于黑龙江、吉林、辽宁、内蒙古，在我国东北、华北、华东和华南等地区的平 原、山坡、河边广泛分布，常见于荒野、路边、田间地头。尖裂假还阳参通常被当作野 菜食用或被用作家畜饲料。此外，其由于具有清热解毒、凉血消肿、镇痛抗炎的作用而 被药用。
11	中华苦荚菜	Ixeris chinensis	苦卖菜属 (属		虎耳草科	Compositae		华苦荚菜黄化病	发病初期植株叶片出现零星不规则黄色斑点，中后期整个叶片黄化、 枯萎，如图11所示。	1	山西、陕西、山东、福建、台湾、河南、四川、贵州、云南、西藏等地的山坡路旁、田 野、河边灌木丛或岩石缝隙中均有分布。中华苦荚菜既可食用，又可药用，据报道其提 取物具有抗炎、抗氧化、免疫调节、抗菌、保护肝脏等作用，含有丰富的活性物质，包 括三萜、倍半萜、黄酮、核苷酸、氨基酸、多酚、维生素、多糖、生物碱和香豆素等。
13	向日葵	Helianthus annuus	向日葵属(属		虎耳草科	Compositae		的病毒病是向日葵花叶病; 害相关病毒为烟草花叶病毒; 宁地区发现向日葵黄化病; 瓜花叶病毒和莴苣花叶病毒	典型花叶、明脉和皱缩等病毒病症状，接近生长点的上部叶片明显变厚、变小， 有的呈扇叶状，病害相关病毒为烟草花叶病毒、西瓜花叶病毒和莴苣花叶病毒。	2	向日葵别名太阳花， 一年生草本，是世界各国广泛种植的油料作物。原产于北美 洲，世界各国均有栽培，通过人工培育，在不同生境上形成许多品种，特别在头状花序 的大小、色泽及瘦果形态上有许多变异，是能够综合利用的最好原料。种子含油量很 高，为半干性油，味香且可口，通常供食用。花穗、种子皮壳及茎秆可作饲料和工业原 料，如用于制人造丝及纸浆等，花穗也可供药用。
14	大丽花	Dahlia pinnata	大丽花属 (属		虎耳草科	Compositae		Dahlia mosaic virus; impatiens necrotic spot virus; 区发现大丽花黄化曲叶病; Dahlia   common mosaic virus; 大丽花花叶病毒; 大丽花普通花叶病毒; tobacco bushy top virus; 能够被烟草花叶病毒; tobacco   mosaic   virus		1	大丽花别名天竺牡丹、大丽菊、大理菊、地瓜花、东洋菊等，为多年生球根花卉， 原产于墨西哥，是墨西哥的国花。因其具有花期长、花径大、花朵多、花色花型丰富等  特点，被誉为世界名花。其块根富含菊糖并具有药用和食用价值。
15	野菊	Chrysanthemum  indicum	菊属 (属		虎耳草科	Compositae				1	
16	旋覆花	Inula japonica	旋覆花属(属		虎耳草科	Compositae				1	
19	西葫芦	Cucurbita pepo	南瓜属(属		虎耳草科	Cucurbitaceae		zucchini   yellow   mosaic   virus; 包括小西葫芦黄化花叶病毒; zucchini   yellow   mosaic   virus,ZYMV		3	南瓜又名饭瓜、金瓜、倭瓜，一年生 草本植物，是我国重要的蔬菜品种之一。 除地下根系外，南瓜地上部分的各个器 官，即嫩梢、叶、花、果、种子，均可食 用。南瓜用途多样，既可作为蔬菜食用， 其籽也可利用，还能作为饲料，同时是观 赏植物及瓜类嫁接的理想砧木。因此，南 瓜在全国范围内的栽培与应用相当普遍， 其播种面积和产量均位于世界前列。
20	黄瓜	Cucumis  sativus	黄瓜属(属		虎耳草科	Cucurbitaceae				1	黄瓜又名胡瓜、刺瓜、青瓜、旱黄瓜，为一年生的攀援性草本植物。在我国，黄 瓜是一种很重要的设施蔬菜，其果实可食用，具有皮薄肉厚、肉质脆嫩、有清香味等 特点，深受人们的喜爱。黄瓜的茎藤具有消炎、祛痰、镇痉等作用，黄瓜中的黄酮类 化合物、多糖、葫芦素(主要为葫芦素B 和葫芦素C)   具有抗衰老、抗肿瘤、保肝等 作用。
21	葫芦	Lagenaria siceraria	葫芦属 (属		虎耳草科	Cucurbitaceae				1	葫芦俗称瓠、瓠瓜、大葫芦、小葫芦、葫芦瓜， 一年生蔓生或攀援藤本植物。葫芦 是世界上最古老的作物之一，在我国已有7000多年的历史，目前，我国各地均有栽培。 葫芦的用途较为广泛：葫芦果实可作蔬菜；葫芦花可用于解毒，且对各种瘘疮十分有 效；葫芦瓤及籽，可治牙痛、面目及四肢肿、小便不通、鼻塞及痈疽恶疮；葫芦壳可用
22	丝瓜	Luffa aegyptiaca	丝瓜属 (属		虎耳草科	Cucurbitaceae		melon mosaic virus; turnip mosaic virus; tomato ringspot virus	感病叶尖端先出现黄色环斑或黄绿相间花 叶，病害严重时则整个叶片呈现黄色花叶、明显皱缩和泡斑症状，如图22所示。	1	丝瓜是一年生攀援藤本，在我国南北方均被广泛种植，也广泛栽培于世界温带、热 带地区。丝瓜可药食两用，不仅可作为蔬菜供人们食用，还可入药发挥其价值，比如清 热、利尿、活血、通经、解毒等。此外，成熟丝瓜内的网状纤维组织——丝瓜络常被家 庭作为海绵的替代品，用于清洁洗刷厨具或家具。
25	赤豆	Vigna  angularis	刺果瓜属(属		虎耳草科	Cucurbitaceae				3	刺果瓜是一年生草质藤本植物，常生长于路边、堤岸、景区和农田等地，能够攀附 在玉米、大豆、谷子等多种作物上，其种子可寄生在植物上，从中吸收水分进行生长繁 殖，对作物造成严重危害。1997年，刺果瓜在大连首次被发现，随后，在辽宁其他地区、 北京、河北等地也有被发现。2017年，刺果瓜被列入《中国自然生态系统外来入侵物种 名单》中。
26	菜豆	Phaseolus vulgaris	菜豆属(属		虎耳草科	Fabaceae		方菜豆花叶病毒; south bean mosaic virus; peanut clump virus; peanut  stunt  virus; bean  common mosaic virus; 的病毒有菜豆普通花叶病毒		1	菜豆，俗名香菇豆、芸豆、四季豆、云扁豆、矮四季豆、地豆、豆角，一年生、缠 绕或近直立草本植物。菜豆生长期短，栽培容易，供应期长，喜温暖，不耐霜冻，喜 光，在荚果类蔬菜中栽培最为普遍。它主要起源于中美洲的墨西哥和南美洲的阿根廷， 中国为次起源中心。中国大部分省份都有菜豆分布，但主要分布于黑龙江、内蒙古、山 西、陕西、四川、贵州、云南等省份，西藏和海南菜豆资源较少。
27	落花生	Arachis  hypogaea	落花生属(属		虎耳草科	Fabaceae		peanut  stripe  virus; peanut  mottle   virus; 花生的病毒有花生条纹病毒; capsicum  chlorosis  virus; 关病毒为菜豆普通花叶病毒		1	花生，一年生草本植物，果实富含油脂及蛋白质，不仅是被广泛食用、营养丰富的 优质坚果，还是食用油、花生蛋白等产品的主要原料之一，被广泛种植于世界各地。花 生在我国各省份均有种植，其中以河南、山东、河北为核心的北方产区(含苏北和淮 北)花生种植面积和产量均占全国的一半以上，其次为华南产区(含广东、广西、福 建、海南及湘南、赣南地区)和长江流域产区[含四川、湖北、湖南(除湘南地区外)、 江西(除赣南地区
28	刺槐	Robinia pseudoacacia	刺槐属(属		虎耳草科	Fabaceae		刺槐的病毒有刺槐花叶病毒; robinia  moasic  virus		1	刺槐又名洋槐，落叶乔木，原产于美国东部，现在我国大部分地区都有栽植，主要 包括吉林、辽宁、新疆、甘肃、青海、陕西、北京、天津、河北、山西、江苏等地。刺 槐属于强阳性树种，喜光照，较耐干旱和贫瘠，能在碱性、中性等多种土壤中生长。它 生长快，萌芽力强，根系浅而发达，为优良固沙保土树种。刺槐材质硬重，抗腐耐磨， 宜做农业车辆、枕木、建筑、矿柱等多种用材。
29	龙爪槐	Styphnolobium japonicum	槐属(属		虎耳草科	Fabaceae				1	龙爪槐，为国槐变种下的一个栽培变型，又名垂槐、盘槐，落叶小乔木，原产于我  国北方，现在全国各地均有分布，是华北平原和黄土高原的重要园林绿化树种。龙爪槐  喜干燥和阳光充足的环境，耐寒，耐旱，不耐阴湿，萌芽力强，寿命长，土壤以深厚、 肥沃、排水良好的沙质壤土为宜。龙爪槐树枝扭转弯曲下垂，树姿优美，树姿如伞，姿 态别致，且对二氧化硫、氯气有一定的抗性，在江南地区被广泛栽植。
30	红车轴草	Trifolium pratense	车轴草属(属		虎耳草科	Fabaceae				0	
31	烟草	Nicotiana  tabacum	烟草属(属		茄科	Solanaceae		烟草脉带花叶病; 蛇鞭菊轻斑驳病毒; tomato necrotic stunt virus; 烟草轻绿花叶病毒; tobacco   rattle   virus; tobacco vein banding mosaic virus; tobacco etch virus; 番茄黄化曲叶病毒; tobacco   leaf curl virus; gayfeather mild   mottle virus; tobacco   ringspot virus; tomato   yellow  leaf  curl  virus; shallot yellow stripe   virus; ramie mosaic virus; tomato  mosaic  virus		1	烟草是一年生或有限多年生草本，叶片形状多样，有长圆状披针形、披针形、长圆 形或卵形。原产于南美洲，现在我国南方和北方各省份均有栽培，是烟草工业的原料， 还可作为生物学实验中的模式植物。
34	茄子	Solanum  melongena	茄属(属		茄科	Solanaceae		tobacco   necrosis  virus; tobacoo  bushy  top virus; tomato  curl  top  virus; 绒毛烟斑驳病毒; tomato   black ring virus; tomato  leaf  curl  virus; 毒为中国番茄黄化曲叶病毒; velvet tobacco mottle virus; potato   leafroll   virus; 马铃薯卷叶病毒; tomato   bushy  stunt  virus; tomato  infectious  chlorosis  virus		3	番茄又称洋柿子、西红柿， 一年生草本植物，其叶为羽状复叶，其果实表面光滑， 为鲜红色或者橘黄色，肉质，多汁液。番茄原产于南美洲，是世界上最重要的蔬菜作物 之一。我国是番茄的主要生产国，番茄在南方和北方被广泛栽培。番茄果实内含有多种  营养物质，不仅具有清热、生津止渴的作用，还有抗衰老、预防肿瘤、保护视力等作用。
35	辣椒	Capsicum annuum	辣椒属(属		茄科	Solanaceae		辣椒轻斑驳病毒; chilli  veinal   mottle  virus; pepper mottle virus; eggplant mosaic virus; 辣椒脉斑驳病毒; pepper veinal mottle virus; 物杆状病毒科烟草花叶病毒; pepper  mild  mottle  virus		1	辣椒是一年生草本植物，原产于拉丁美洲热带地区，现在全国各地均有栽培。辣椒 是最常见的茄果类蔬菜，含有丰富的维生素C,   同时也有促进食欲、增强消化能力、促 进血液循环等功效。
36	毛酸浆	Physalis philadelphica	洋酸浆属(属		茄科	Solanaceae				1	毛酸浆又名菇莒、洋菇娘等， 一年生草本。作为药食两用植物，毛酸浆具有独特的 风味和价值，成熟浆果口感酸甜可口，味道鲜美，可生食、糖渍、醋渍或做果浆，越来  越多人对其进行深加工，延长产业链，以创造更高的经济效益。此外，毛酸浆主要含黄  酮类、甾体类、苯丙素类、生物碱类、脂肪酸类等多种化学成分，具有抗肿瘤、抗菌、 抗氧化、利尿、免疫抑制等多种药理活性。
37	苘麻	Abutilon  theophrasti	苘麻属(属		锦美科	Malvaceae				0	苘麻别名有椿麻、塘麻、青麻、白麻、车轮草等， 一年生亚灌木草本植物，在全国 各地均有分布，生长于耕地、田边、路旁、荒地，产量居世界首位。 它是常见的农田杂 草，也是被广泛栽培的经济植物。
38	赛葵(种拉丁名： Malvastrum		赛葵属(属		锦美科	Malvaceae		papaya  curl  leaf  Fujian  virus; 南赛葵黄脉病毒; Malvastrum yellow vein   virus; Malvastrum    yellow   vein    Yunnan    virus; 福建番木瓜曲叶病; Malvastrum  leaf  curl   virus	典型脉肿、 曲叶和耳突症状，如图38所示。	0	赛葵又名黄花棉和黄花草等，为多 年生亚灌木草本植物，多散生于干热草 坡，喜温暖湿润的气候，稍耐旱，不耐  寒，宜以疏松而肥沃的土栽培。赛葵原 产于美洲热带地区，因其具有较强的适  应性、繁殖力和扩散力，现已广泛分布 于我国福建、台湾、广东、海南、广西、 云南及四川等南方多个省份。
39	锦葵	Malva  cathayensis	锦葵属(属		锦美科	Malvaceae				1	锦葵别称钱葵、欧锦葵、棋盘花，是锦葵科锦葵属的代表种，二年生或多年生草 本。原产于亚洲、欧洲及北美洲，现成为我国南方和北方各城市常见的栽培植物。它耐 寒、耐干旱，对土壤要求不高，生长势强、抗逆性强，喜阳光充足，绿期3—11月，是 水土保持和栖息地环境保持的优良植物。它的用途大多是在花坛、花境，可作为背景材 料，观赏性极强。此外，锦葵的种子有利湿解毒、润肠通便的功效，其花还可治咽喉
40	蜀葵	Alcea rosea	蜀葵属(属		锦美科	Malvaceae		班加罗尔棉曲叶病毒; hollyhock yellow vein mosaic  virus; 蜀葵黄脉花叶病毒; hollyhock leaf crumple virus		1	蜀葵又名饽饽团子、斗蓬花、栽秧花、棋盘花、麻杆花、 一丈红、淑气、熟季花、 小出气，是一种原产于我国四川地区的多年生草本植物。蜀葵植株高大健壮，花朵大且  鲜艳，色彩丰富多样，常见的有红色、黄色、白色、紫色等，观赏价值极高，可用于园  林、道路绿化及庭院观赏，在我国分布很广，华东、华中、华北均有种植。此外，蜀葵  具有较高的药用价值和食用价值，其花、根均可入药以及食用。
41	朱槿	Hibiscus rosa-sinensis	木槿属(属		锦美科	Malvaceae		我国多地发生朱槿曲叶病; 新疆地区发现朱槿曲叶病		1	朱槿又名状元红、桑槿、大红花、佛桑、扶桑、花叶朱槿，属一年生常绿灌木，花 期长至全年，四季常开，花大色艳，作为重要的园林绿化植物及家庭盆栽花，在我国广 东、云南、台湾、福建、广西、四川等省份被广泛种植。
42	紫苏	Perilla frutescens	紫苏属(属		唇形科	Lamiaceae				1	紫苏别名赤苏、红苏、白苏等，为唇形科紫苏属一年生草本植物，拥有较高的食 用、药用、观赏价值，原产于我国的中南部地区。近些年来紫苏因含有特有的活性物质 及营养成分，成为备受关注的多用途植物，种植面积也随之增大，在国内外市场中的畅 销程度逐年提升。紫苏在我国分布较广，其分布主要集中在东北各省以及河北、山西、 江苏、安徽、湖北、四川、福建、云南、贵州等省。
43	大青	Clerodendrum  cyrtophyllum	大青属(属		唇形科	Lamiaceae		命名为中国大青金花叶病毒; 双组分菜豆金色黄花叶病毒; clerodendrum golden mosaic China virus; 发现大青曲叶和黄花叶病		1	大青俗名鸡屎青、猪屎青、臭叶树、野靛青、牛耳青、山漆、山尾花、淡婆婆、青 心草、臭冲柴、鸭公青、山靛青、土地骨皮、路边青，灌木或小乔木，高可达10米，分 布于我国的华东、中南、西南，常见于丘陵、平原、林缘、路旁、溪边。
44	活血丹	Glechoma  longituba	活血丹属(属		唇形科	Lamiaceae				1	活血丹又名特巩消、退骨草、透骨草、金钱草、连钱草、佛耳草、落地金钱等，多 年生草本，生于林缘、疏林下、草地中、溪边等阴湿处，除甘肃、青海、新疆和西藏 外，全国各地均有分布。活血丹既可口服，又可外用，具有利湿通淋、清热解毒、散瘀 消肿等功效，主要含有黄酮、萜类、有机酸等成分。
45	藿香	Agastache rugosa	藿香属 (属		唇形科	Lamiaceae				1	藿香俗名芭蒿、野藿香、野薄荷、山薄荷、大叶薄荷、土藿香、薄荷、八蒿、拉拉 香、山猫巴、猫尾巴香、猫巴虎、猫巴蒿、把蒿、山茴香，多年生草本，为药食同源植 物，具有很高的药用价值和食用价值，被东亚及东南亚各国作为传统药物广泛使用。
46	月季	Rosa chinensis	蔷薇属(属		蔷薇科	Rosaceae		Prunus  necrotic   ringspot   virus; 病毒主要包括苹果花叶病毒; 南芥菜花叶病; 玫瑰黄花叶病毒; apple   stem    grooving   virus; Rosa  multiflora  cryptic  virus; arabis mosaic virus; rose  yellow  mosaic  virus; apple   mosaic   virus; rose   rosette   virus		1	月季又名月月红、四季红、月季红，多年生木本植物，原产于我国，主产于江苏、 山东、山西、河北等地，其中江苏月季产量大、品质佳。月季全年均可采收，在花微开  时采摘，阴干或低温干燥。月季生命力强，适应性好，容易繁殖，深受人们喜爱，是著 名的切花品种，被誉为花中皇后，极具观赏价值，不仅在切花和盆栽中应用广泛，而且  在园林绿化中也发挥着极大的作用。此外，它还具有抗菌、抗病毒、抗氧化、抑制肿  瘤、增强机
48	杏	Prunus armeniaca	李属(属		蔷薇科	Rosaceae		阳市发现了具有黄斑驳病; 相关病毒为芜菁黄花叶病毒		1	山桃又名苦桃、野桃、山毛桃、桃花，属小乔木，喜光、耐旱、耐寒、耐瘠薄，但 不耐涝，有极强的萌蘖能力，尤其是当根部受到损伤时，可以萌发出很多枝条。由于其 高效的水土保持特性，山桃成为东北地区普遍种植的观赏植物，被广泛应用于城市景观 和园林绿化之中。
49	苹果	Malus pumila	苹果属 (属		蔷薇科	Rosaceae				1	
50	茉莉花	Jasminum sambac	素馨属(属		蔷薇科	Oleaceae				0	典型的茉莉病毒病症状为枝 芽丛簇或呈扫帚状，叶片细长卷 曲呈皱缩状，花畸形甚至不能开 花。目前报道的茉莉病毒只有长 线型病毒科( Closteroviridae ) 的 茉 莉A 病 毒 ( jasmine    virus    A, JaVA)、马铃薯Y病毒属( Potyvirus)
51	东北连翘	Forsythia  mandschurica	连翘属 (属		蔷薇科	Oleaceae				1	东北连翘是一种优良的早春花灌木，与很多植物不同，它是先开花再长出叶子，并 且花期较早。东北连翘原产于辽宁省凤凰山一带，东北三省均有栽培，在绿化美化城市 方面应用广泛。其茎、叶、果实、根均具有药用价值，可以起到清热解毒、镇定消肿的 作用，是药用和绿化用优质树种。其萌发力强，树冠增长较快，具有良好的水土保持作 用，是国家林业和草原局推荐的退耕还林和防治水土流失的最佳经济树种。
52	暴马丁香	Syringa reticulata   subsp. amurensis	丁香属 (属		蔷薇科	Oleaceae				1	
53	藜	Chenopodium  album	藜属(属		苋科	Amaranthaceae		potato   Y   virus		1	藜别称灰条菜、灰藿， 一年生草本，高30～150厘米，其分布遍及全球温带及热 带，且在我国各地均有分布。藜具有很强的抗逆性，能够在恶劣的环境中旺盛生长，多 生长于荒地、路旁及山坡等地，为很难除掉的杂草。据报道，藜还具有很高的营养价值 和药用价值。
54	鸡冠花	Celosia cristata	青箱属(属		苋科	Amaranthaceae		有一例关于鸡冠花花叶病		1	鸡冠花，一年生草本植物，原产于印度、美洲热带地区和非洲，现在我国南方和北 方各地均有栽培，广泛分布于温暖地区。鸡冠花的花朵为穗状，大多扁平而肥厚，呈现 鸡冠状，红色、紫色、黄色、橙色或红色黄色相间，具有一定的观赏性。此外，花和种 子有一定的药用价值，有止血、凉血、止泻的功效。
55	地肤	Bassia scoparia	沙冰藜属(属		苋科	Amaranthaceae				1	地肤，俗名扫帚苗(地肤变形)、扫帚菜、观音菜、孔雀松、碱地肤， 一年生草本 植物，全国各省份均有分布，生长于田边、路旁、荒地等处。地肤的幼苗及嫩茎叶可炒 食或做馅，老株可用来做扫帚，果实(地肤子)可入药，有清热利湿，祛风止痒的功 效。地肤也可用于布置花篱、花境，或数株丛植于花坛中央。
58	五叶地锦	Parthenocissus quinquefolia	葡萄属(属		葡萄科	Vitaceae		grapevine  fleck  virus; 葡萄浆果内坏死病毒; grapevine redglobe virus; grapevine berry  inner necrosis virus; grapevine rupestris  vein feathering virus; grapevine syrah  virus; grapevine fanleaf virus; grapevine Pinot gris virus		4	葡萄，落叶木质藤本植物，广泛分布于热带、亚热带和温带地区。葡萄原产于亚洲 西部，现在世界范围内广泛种植，世界各地的葡萄约95%集中分布在北半球，我国葡萄 的主要产区有安徽的萧县，新疆的吐鲁番市、和田地区，山东的烟台市，河北的张家口 市、昌黎县，辽宁的大连市、营口市鲅鱼圈区熊岳镇、沈阳市及河南的西平县芦庙乡、 民权县、兰考县仪封镇等地。
59	锦带花	Weigela florida	锦带花属(属		忍冬科	Caprifoliaceae				1	锦带花俗名旱锦带花、海仙、锦带、早锦带花，落叶灌木，广泛分布于我国的东北 地区、华北地区以及山西和江苏北部等地。因其花朵呈漏斗形且颜色种类众多，被认为 是美化城市环境的优良材料。锦带花可用于清热、凉血、解毒、活血、止痛、抑菌以及 抗流感病毒等。除观赏价值和药用价值外，锦带花还可净化空气，提高空气质量。
60	金银忍冬	Lonicera  maackii	忍冬属(属		忍冬科	Caprifoliaceae		地区发现金银忍冬曲叶病	发病初期叶片轻微皱缩，后期叶片向上卷曲并逐渐加重，严 重时则叶片扭曲畸形，如图60所示。	1	金银忍冬俗称金银木、王八骨头，为落叶灌木，主要分布于我国的东北、华北、西 北地区，生于林缘溪流旁和林下。金银忍冬果成熟时呈暗红色，近圆形，特别醒目，是 我国北方城市和乡村珍贵的绿化观赏树种。此外，其叶片有解热、增强免疫力及抑菌作 用，幼叶及花可做茶的代用品，根有杀菌截疟作用。
61	鸡树条	Viburnum opulus subsp.   calvescens	荚速属(属		荚速科	Viburnaceae				1	鸡树条又名老辞眼、天目琼花、鸡树条荚莱，落叶灌木植物，分布于黑龙江、吉 林、辽宁、河北北部、山西、陕西南部、甘肃南部、河南西部、山东、安徽南部和西 部、浙江西北部、江西、湖北和四川，生于溪谷边疏林下或灌丛中。鸡树条耐寒性强， 根系发达，移植容易成活，是适宜在北方园林种植的优良观赏树种。它不仅观赏价值极 高，而且对治疗关节酸痛、跌打挫伤、疮疖、疥癣等亦有效果。
62	接骨木	Sambucus  williamsii	接骨木属(属		荚速科	Viburnaceae				0	Dana  Šafářová等人在捷克西洋接骨 木病株的叶片上检测到接骨木病毒 S(  sambucus  virus   S) 和接骨木病 毒 1 ( sambucus  virus   1)。编者在辽 宁省沈阳市发现接骨木病毒病害，
63	律草	Humulus scandens	萑草属(属		大麻科	Cannabaceae			典型症状，通过血清检测确定CMV 、ToMV 、TuMV、 BBWV2 、TMV 、PVY 和PVX 可以侵染律草，并且多种病毒复合侵染现象严重。	1	律草别名拉拉藤(秧、蔓)、五爪龙、勒草、锯子草、降龙草或牵牛藤， 一年生或 多年生缠绕草本，茎、枝、叶柄均具有倒钩刺，在我国南方和北方各省份(除新疆、青 海外)均有分布，常生长于沟边、荒地、废墟、林缘。本草可作药用，茎皮纤维可作造 纸原料，种子油可制肥皂，果穗可代啤酒花用。
64	黑弹树	Celtis  bungeana	朴属(属		大麻科	Cannabaceae				1	黑弹树别名小叶朴、黑弹朴，落叶乔木，在我国广泛分布，分布范围为辽宁南部和 华北、华东、华中地区，西达云南高原的东南部和青藏高原东部，多生长于路旁、山 坡、灌丛或林边。黑弹树树形美观，树冠圆满宽广，绿荫浓郁，是城乡绿化的良好树 种，也是河岸防风固堤的良好树种。黑弹树木材坚硬，可供工业用材；茎皮为造纸和人 造棉原料；果实可榨油作润滑油；树皮、根皮可入药，能治腰痛等病。
65	铁苋菜	Acalypha australis	铁苋菜属(属		大戟科	Enphorbiaceae				1	铁苋菜又称蛤蜊花、海蚌含珠、蚌 壳草， 一年生或多年生草本，喜湿润， 在高山和平坝的一般土壤都可以生长， 分布于热带和亚热带地区，主产于长江  流域以南各地，在我国较为常见。铁苋 菜全草可入药，具有清热利湿、止血收  敛之功效。
66	佛肚树	Jatropha podagrica	麻风树属(属		大戟科	Enphorbiaceae				1	佛肚树又名珊瑚花、玉珊瑚树等，直立灌木，多年生常绿植物，原产于中美洲或南 美洲热带地区，现在我国许多省份作为观赏植物栽培，亦被花卉爱好者栽培。佛肚树全 株皆可入药，具有清热解毒、消肿止痛的功效，可治疗毒蛇咬伤，其根用于治疗面黄肌 瘦、疲乏无力、不思饮食、尿急、尿痛等，研究表明其含有丰富的萜类成分。
67	扛板归	Persicaria perfoliata	蓼属(属		大戟科	Polygonaceae				1	扛板归别名刺犁头、老虎利、老虎刺、犁尖草、三角盐酸、贯叶蓼等， 一年生草本， 分布于朝鲜、日本、印度尼西亚、菲律宾、印度、俄罗斯(西伯利亚地区)和中国，生 长于田边、路旁、山谷湿地。扛板归茎攀援，多分枝，具纵棱，沿棱具稀疏的倒生皮刺。 它主要靠种子繁殖传播扩散，生长迅速，结实量高，传播快。扛板归集食、饲、药用于 一身，不仅可以采集加工成可口的菜肴，也是优质畜禽饲用植物，正常食用、喂饲有利 于人畜健
68	卷茎蓼	Fallopia convolvulus	藤蓼属(属		大戟科	Polygonaceae				1	
69	桃叶卫矛	Euonymus maackii	卫矛属(属		大戟科	Celastraceae		Euonymus  yellow  mosaic  associated  virus; Euonymus yellow vein  associated virus; 即桃叶卫矛黄脉病		1	桃叶卫矛别名白杜、丝绵木、明开夜合、丝棉木、华北卫矛，落叶小乔木，它的叶 形类似于桃叶，因此被称为桃叶卫矛。花萼裂片半圆形，花瓣长圆状倒卵形，蒴果倒圆心 形、粉红色，种子淡黄色，有红色假种皮，上端有小圆口，稍露出种子，是重要的园艺树 种，广泛分布于全国各省份。据报道其种子、根、树皮等具有丰富的经济及药用价值。
70	南蛇藤	Celastrus  orbiculatus	南蛇藤属(属		大戟科	Celastraceae		病叶中含有花椰菜花叶病毒		1	南蛇藤又名过山风、黄藤、苦树皮等，藤状灌木，在我国有着较为广泛的分布，主 要在我国东北、华北、西北、华东等地区，常见于丘陵、山沟及山坡灌丛之中。南蛇藤 植株姿态优美，藤茎壮观，具有较高的观赏价值。此外，南蛇藤还具有较高的药用价 值，以根、藤、叶及果入药，具有祛风除湿、通经止痛、活血解毒等功效，可治疗小儿 惊风、跌打扭伤、蛇虫咬伤。南蛇藤也是有名的纤维植物，树皮可制优质纤维，拉力 强，还可作为纺织和
71	旱芹	Apium graveolens	芹属(属		大戟科	Apiaceae				0	旱芹俗名芹菜、药芹，二年生或多年生草本，含有多种营养成分，具有极高的药用 价值。旱芹是我国重要的蔬菜之一，在我国南方和北方各省份广泛种植，常年种植面积 约60万公顷，年产量约2500万吨，生产量和消费量均较大。
74	三花槭	Acer triflorum	槭属(属		大戟科	Sapindaceae				3	叶槭又名糖槭、白蜡槭、美国槭、复叶槭、羽叶槭，落叶乔木，在我国辽宁、内 蒙古、河北、山东、河南、陕西、甘肃、新疆等多省份均有分布。它适应性强、耐寒、 耐旱、耐烟尘，生长速度较快，树冠广阔，树形优美，观赏性强，是东北地区常见的一 种园林、道路绿化树种及观赏植物。
75	黄栌	Cotinus  coggygria	黄栌属(属		漆树科	Anacardiaceae				1	黄栌俗称红叶、路木炸、浓茂树，落叶小乔木或灌木，为我国常见的红叶树种，在 园林造景中常以丛植的方式被配置在草坪或山坡上，也可作为荒山造林的先锋树种。黄  栌叶片在秋季会逐渐变为鲜艳夺目的红色，具有很强的观赏性，北京著名的香山红叶便  是由该树种形成。黄栌在园林绿化及造林绿化中应用广泛，在公园绿地、居住区绿地、 生态廊道等地种植较多，既可孤植进行点缀，也可与其他观赏树木搭配种植，还可进行 大面积群植
76	火炬树	Rhus typhina	盐麸木属(属		漆树科	Anacardiaceae				1	火炬树别名鹿角漆、火炬漆、加拿大盐肤木，落叶灌木或小乔木，原产于北美洲、 我国于1959年引入。火炬树具有适应性强、秋叶红艳、果序形似火炬等特点，因此被用 于园林中丛植以赏红叶和红果。火炬树是华北、西北等地主要的美化树种，也被用于干  旱瘠薄山区的造林绿化、护坡固堤及封滩固沙。
77	番木瓜	Carica papaya	番木瓜属(属		番木瓜科	Caricaceae		papaya  lethal  yellowing  virus; 察到番木瓜叶片畸形病; 番木瓜顶端坏死病毒; 番木瓜畸形花叶病毒; distortion  mosaic   virus; papaya   droopy  necrosis  virus; 和番木瓜致死黄化病毒; papaya  apical  necrosis  virus	发病初期叶片出现黄色斑驳和褪绿，中期叶片畸形变窄，严重  时整个叶片呈鸡爪状甚至死亡，产量下降(图77)。	0	番木瓜俗名树冬瓜、满山抛、番瓜、万寿果、木瓜，常绿软木质小乔木，原产于美 洲热带地区，广泛种植于世界热带和较温暖的亚热带地区，在我国福建南部、台湾、广 东、广西、云南南部等地已被广泛栽培。番木瓜浆果肉质，成熟时呈橙黄或黄色，果肉 柔软多汁，味香甜，营养丰富，具有很高的经济价值。
78	天竺葵	Pelargonium hortorum	天竺葵属(属		戕牛儿苗科	Geraniaceae				0	
79	老鹳草	Geranium  wilfordii	老鹳草属(属		戕牛儿苗科	Geraniaceae				0	老鹳草为多年生草本，分布于东北、华北、华东、华中、陕西、甘肃和四川等地， 常生长在低山林下、草甸处。老鹳草是我国传统中草药，有祛风活血、清热解毒等作 用，还有止泻止痢的功效。现代药理学研究表明，老鹳草煎剂及提取物具有抗菌、抗病 毒、抗氧化、保护肝肾、抗炎镇痛、抗肿瘤、降低血糖等生物活性。
80	垂序商陆	Phytolacca  americana	商陆属(属		商陆科	Phytolaccaceae		观察到垂序商陆黄斑驳病		1	垂序商陆，多年生宿根草本植物，多系野生，是一种生物量大、生长快、适应性强 的锰超积累植物，味苦，性寒，有毒，全草用药，亦可做农药。垂序商陆原产于北美洲 地区，作为药用植物和观赏植物引入我国，于1935年在我国浙江省杭州市首次被发现。 近年来，经过长期的适应生长，垂序商陆已在我国多省份逸生，成为果园、菜地的有害 杂草，侵入天然生态系统并显现出入侵性，已被列入中国外来入侵物种名单。此外，据 文献报道，
81	萝摩	Cynanchum  rostellatum	鹅绒藤属(属		夹竹桃科	Apocynaceae				0	萝摩俗名老鸱瓢、芄兰、斫合子、白环藤、羊婆奶、婆婆针落线包、羊角、天浆 壳，是多年生的藤蔓缠绕型草本植物，广泛分布于我国的东北、华北、华东等地区，生 长于农田、路边、山脚、河边、路旁灌木丛中。萝摩不仅具有极高的药用价值，还具有 一定的观赏价值，也可作为新型天然纺织纤维原料。
82	鸭跖草	Commelina  communis	鸭跖草属(属		鸭跖草科	Commelinaceae		brome mosaic virus; 鸭跖草上发现雀麦花叶病毒		1	鸭跖草别名碧竹子、翠蝴蝶、淡竹叶等， 一年生杂草，其叶形状似鸭掌，因此被称 为鸭跖草。鸭跖草在我国的云南、四川、甘肃以东的南方和北方的各省份都有分布，越  南、朝鲜、日本、俄罗斯远东地区以及北美洲也有分布。鸭跖草适应性强，耐旱性强， 常生长于田间、路旁、水池边及林下阴湿处等地。鸭跖草具有抑菌、抗炎等作用，还可  以食用，也具有较高的观赏价值。
84	圆叶牵牛	Ipomoea  purpurea	番薯属(属		旋花科	Convolvulaceae		sweet potato leaf curl virus; sweet potato virus; sweet potato chlorotic stunt virus; sweet  potato  symptomless  virus; sweet potato latent virus; sweet potato vein clearing virus; sweet  potato  virus; sweet potato feathery mottle virus		1	番薯又名红薯、甘薯、甜薯等，是一种块根植物，原产于南美洲、大安的列斯群岛 和小安的列斯群岛，现在全球热带以及亚热带地区广泛种植。番薯产量高、用途广、适 应性强，因此在我国各省份被广泛栽培，尤其是山东省、四川省、河南省和广东省栽培 较多，是我国重要的粮食作物，种植面积居世界首位。
85	萝卜	Raphanus   sativus	萝卜属(属		十字花科	Brassicaceae		Brassica  yellows  virus; youcai   mosaic   virus; Radish  yellow edge virus; radish  mosaic  virus; Brassica napus RNA virus; beet  western  yellows  virus; Raphanus  sativus  cryptic  virus		1	萝卜别称菜头、芦葩、莱菔、白萝卜、水萝卜等，二年或一年生草本植物，原产于 亚洲温带地区，目前，作为一种世界性蔬菜在世界各地被广泛种植。其直根肉质，长圆 形、球形或圆锥形，外皮为绿色、白色或红色，可作蔬菜食用，而种子、鲜根、枯根、 叶则可入药。
86	臭椿	Ailanthus altissima	臭椿属(属		十字花科	Simaroubaceae				1	臭椿别名樗、皮黑樗、黑皮樗、椿树、黑皮椿树等，落叶乔木，是原产于我国东 北、中部及台湾地区的常见速生材，在地理分布上以黄河流域为中心遍及全国。臭椿属 于喜阳植物，对于生长环境有一定的要求，其适应性极强，具有一定的抗寒性和抗旱 性，即使在较为干旱的地带也能迅速生长，具有很高的环保价值和观赏价值。
87	美人蕉	Canna  indica	美人蕉属(属		十字花科	Cannaceae		Canna yellow mottle  associated virus; sugarcane  mosaic  virus; Canna  yellow  streak  virus; 美人蕉黄斑驳病; Canna  yellow  mottle  virus		1	美人蕉又名蕉芋，多年生宿根类草本花卉，其花朵大，颜色艳丽，花期较长，在我 国南方和北方各地常作为园林绿化植物被广泛种植。此外，美人蕉还具有很好的污水净 化效果和较高的药用价值。
88	凤仙花	Impatiens balsamina	凤仙花属(属		十字花科	Balsaminaceae		impatiens  necrotic  spot  virus; 长叶车前花叶病毒; ribgrass mosaic virus; 命名为凤仙类烟草皱缩病毒		1	凤仙花，一年生草本花卉，种类多样，花色丰富艳丽，花期较长，是我国各地庭院 广泛栽培的观赏花卉。据统计，我国目前已知的凤仙花属植物共有352种，主要分布于 我国西南地区，以云南、四川、贵州、广西、西藏等几个省份为多。凤仙花本身带有一 种天然的红棕色色素，可作为天然色素加以利用，人们常将凤仙花瓣加明矾后捣碎来染 指甲。凤仙花还具有祛风除湿、活血化瘀、止痛的作用。
89	软枣猕猴桃	Actinidia arguta	猕猴桃属(属		猕猴桃科	Actinidiaceae				1	软枣猕猴桃俗名软枣子、紫果猕猴桃、心叶猕猴桃，大型落叶藤本植物，主产于我 国东北地区，既可作为观赏树种，又可作为果树。软枣猕猴桃富含维生素C,   被誉为果 中 “VC 之王”,果肉既可生食，也可制果酱、蜜饯、罐头和酿酒等，是营养价值很高的 食品。
90	枣	Ziziphus jujuba	枣属(属		猕猴桃科	Rhamnaceae				1	枣又称大枣、枣子、枣树、扎手树、红卵树，落叶小乔木，稀灌木，原产于我国， 在我国各个地区均有种植。枣果营养丰富，是人们喜爱的水果作物之一。枣树全身是  宝，枣叶、果、皮、木分别含有维生素、鞣料物质、单宁和枣酸及铁、锌等微量元素， 其加工制品有消炎、清血、活血的作用，具有独特的营养和药用价值。
91	堇菜属植物		堇菜属(属		堇菜科	Violaceae Batsch		害相关病毒为玫瑰黄脉病毒; viola yellow mottle virus; viola  mottle  virus		1	、 堇菜属植物为多年生草本，在全世界有500余种，主要分布于北温带。我国有110 余种，南方和北方各省份均有分布，常生长于湿草地、山坡草丛、灌丛、杂木林缘、田 野、宅旁等处。堇菜属植物普遍具有清热解毒、凉血消痈的功效，部分种类具有较高的 观赏价值。
92	黄檗	Phellodendron amurense	黄檗属(属		堇菜科	Rutaceae				1	黄檗又名檗木、黄菠萝等，落叶乔木，在我国主要分布于黑龙江、吉林、辽宁、河 北等省份，在其他国家如俄罗斯、朝鲜、日本等也有分布。黄檗木材有优良的防水性、 耐腐蚀性，纹路细腻，自然美观，可塑性强，常用于军事装备的生产、工业建筑的建  造、家具制造等。同时，黄檗又是极其珍贵的药用树种，其干燥树皮又被称为黄柏，具 有清热解毒、泻火燥湿的功效。
93	旱金莲	Tropaeolum  majus	旱金莲属(属		旱金莲科	Tropaeolaceae		旱金莲花叶病毒; nasturtium ring spot virus; nasturtium mosaic virus; Orthotospovirus		1	旱金莲又名金莲花、荷叶七， 一年生或多年生草本植物，原产于南美洲秘鲁、巴西 等地，我国广泛引种，将其作为庭院或温室观赏植物，在河北、江苏、福建、江西、广  东、广西、云南、贵州、四川、西藏等省份均有栽培，有时逸生。旱金莲的花有红、 黄、橘红和乳黄等颜色，盛开时如群蝶飞舞，极具观赏价值，可用于花坛、盆栽、吊 盆。旱金莲还有很好的药用价值，其花入药，具有清热解毒、止血、消炎等功效。
94	短尾铁线莲	Clematis  brevicaudata	铁线莲属(属		旱金莲科	Ranuculaceae		相关病毒为无花果花叶病毒; clematis yellow mottle virus		1	短尾铁线莲俗名连架拐、石通、林地铁线莲，多年生藤本植物，有“攀援皇后”之 美称。它具有较强的适应性、耐寒性和抗逆性，广泛分布于我国东北、华北、华东和西 南等地，常生长在半向阳的山沟或荆棘草丛处，伴生于黄荆、胡枝子、蛇莓、中华隐子 草等植物旁。短尾铁线莲的根部含有较为丰富的齐墩果酸，具有镇痛、消炎、杀菌作 用，在藏药领域中有着丰富的应用。
95	京山梅花	Philadelphus pekinensis	山梅花属(属		虎耳草科	Saxifragaceae				1	
96	雾水葛	Pouzolzia zeylanica	雾水葛属(属		尊麻科	Urticaceae		Pouzolzia golden mosaic virus; 受雾水葛菜豆金色花叶病毒; 和广东雾水葛花叶病毒; Pouzolzia mosaic Guangdong virus; 属雾水葛金色花叶病毒		1	雾水葛别名啜脓羔、贯菜、杜徐头等，生长于云南南部和东部、广西、广东、福 建、江西、浙江西部、安徽南部(黄山)、湖北、湖南、四川、甘肃南部。其性寒，味 甘淡，有清热利湿、解毒排脓之功效。
97	白屈菜	Chelidonium  majus	白屈菜属(属		尊麻科	Papaveraceae		tetterwort vein chlorosis virus; Chelidonium yellow mottle associated virus; Crinivirus		1	白屈菜别称地黄连、土黄连、断肠草，多年生草本植物，在我国的大部分地区均有 分布，生长于山坡地区、路旁或者石缝。白屈菜是一种著名的中草药，全草可入药，具 有镇痛、止咳、利尿、解毒等功效。除了在中药治疗方面可入药之外，白屈菜内含有的 生物碱在治疗癌症、呼吸道疾病等方面有着很好的治疗效果。
98	绣球	Hydrangea macrophylla	绣球属(属		绣球花科	Hydrangeaceae		Hydrangea   ringspot  virus	典型的PVX 病 毒结构。	1	绣球，灌木，叶倒卵形或宽椭圆 形，近球形或头状、伞房状、聚伞花 序，花大圆润，花期长，花色丰富，不 仅能用于园林绿化和家庭美化，还可作 为盆花、鲜切花、插花、干花及药用植 物，是重要的切花、盆花和园林绿化 植物。绣球每年都在我国各地大面积种 植，在花卉产业中占有重要地位。
99	紫茉莉	Mirabilis jalapa	紫茉莉属(属		紫茉莉科	Nyctaginaceae				1	
100	地毯草	Axonopus compressus	地毯草属(属		禾本科	Poaceae				1	地毯草别名大叶油草，是一种多年生草本植物，原产于美洲热带地区，全球其他热 带、亚热带地区有引种栽培。地毯草具有发达的匍匐根茎，抗逆性强，且能快速形成如 地毯状的优质草坪，在我国热带亚热带地区被广泛用于公共绿地草坪、水土保持和公路 护坡草坪。
